title,company,location,source
Senior Independent Software Developer,A.Team,"Americas, Europe, Israel",remotive
Senior Independent AI Engineer / Architect,A.Team,"Americas, Europe, Israel",remotive
Senior Full-stack React Developer,Lemon.io,"Americas, Europe, Asia, Oceania",remotive
"Marketing Manager, Content & AI Enablement",Expion Health,USA,remotive
Tech Lead Full-Stack Rails Engineer,Mitre Media,"USA, Canada, USA timezones",remotive
Business Transformation Lead,Expion Health,USA,remotive
Office Assistant,Coalition Technologies ,Worldwide,remotive
Director of Revenue Systems and AI Automation (Offshore) ,Caul Group,LATAM,remotive
iOS Developer,nooro,USA,remotive
Inside Sales Contractor,"Credit Wellness, LLC",Worldwide,remotive
Freelance Writer,IAPWE,Worldwide,remotive
🇩🇪Customer Support Manager,Parkosecure GmbH,Switzerland,remotive
Copywriter,Coalition Technologies ,Worldwide,remotive
Senior DevOps Engineer,Lemon.io,"Americas, Europe, Asia, Oceania",remotive
Head of Engineering,Lemon.io,"USA timezones, European timezones",remotive
Mid/Senior AI Video Artist,EverAI,Worldwide,remotive
Content Reviewer - US,TELUS Digital,USA,remotive
AI Engineer,Dry Ground AI,"Brazil, Colombia, Philippines",remotive
